{
  "project_info": {
    "project_number": "205670985444",
    "firebase_url": "https://lab-5-e7707.firebaseio.com",
    "project_id": "lab-5-e7707",
    "storage_bucket": "lab-5-e7707.appspot.com"
  },
  "client": [
    {
      "client_info": {
        "mobilesdk_app_id": "1:205670985444:android:6cbe2182f543bc5f3506f1",
        "android_client_info": {
          "package_name": "mgarzon.createbest.productcatalog"
        }
      },
      "oauth_client": [
        {
          "client_id": "205670985444-96epj703ij60rrbk5f19cnotmq7eoesk.apps.googleusercontent.com",
          "client_type": 3
        }
      ],
      "api_key": [
        {
          "current_key": "AIzaSyAB1qP8_tdquFvTM_17Rmy1Gdqxnws9RZw"
        }
      ],
      "services": {
        "appinvite_service": {
          "other_platform_oauth_client": [
            {
              "client_id": "205670985444-96epj703ij60rrbk5f19cnotmq7eoesk.apps.googleusercontent.com",
              "client_type": 3
            }
          ]
        }
      }
    }
  ],
  "configuration_version": "1"
}